<?xml version="1.0" encoding="UTF-8"?>
<project-private xmlns="http://www.netbeans.org/ns/project-private/1">
    <editor-bookmarks xmlns="http://www.netbeans.org/ns/editor-bookmarks/2" lastBookmarkId="0"/>
    <open-files xmlns="http://www.netbeans.org/ns/projectui-open-files/2">
        <group>
            <file>file:/C:/Users/michel/Documents/ComputationalDolstrm001/TimeTableApp/src/timetableapp/gui/GuiHelper.java</file>
            <file>file:/C:/Users/michel/Documents/ComputationalDolstrm001/TimeTableApp/src/timetableapp/eventhandlers/NewFileSelectedHandler.java</file>
            <file>file:/C:/Users/michel/Documents/ComputationalDolstrm001/TimeTableApp/src/timetableapp/util/state/AppState.java</file>
            <file>file:/C:/Users/michel/Documents/ComputationalDolstrm001/TimeTableApp/src/timetableapp/gui/drawHelper/Draw.java</file>
            <file>file:/C:/Users/michel/Documents/ComputationalDolstrm001/TimeTableApp/src/timetableapp/gui/drawHelper/DrawBuildingVis.java</file>
            <file>file:/C:/Users/michel/Documents/ComputationalDolstrm001/TimeTableApp/src/timetableapp/models/DataManager.java</file>
            <file>file:/C:/Users/michel/Documents/ComputationalDolstrm001/TimeTableApp/src/timetableapp/BaseApplication.java</file>
            <file>file:/C:/Users/michel/Documents/ComputationalDolstrm001/TimeTableApp/src/timetableapp/models/Activity.java</file>
            <file>file:/C:/Users/michel/Documents/ComputationalDolstrm001/TimeTableApp/src/timetableapp/gui/views/MainView.java</file>
            <file>file:/C:/Users/michel/Documents/ComputationalDolstrm001/TimeTableApp/src/timetableapp/gui/drawHelper/DrawTable.java</file>
            <file>file:/C:/Users/michel/Documents/ComputationalDolstrm001/TimeTableApp/src/timetableapp/gui/views/DataView.java</file>
            <file>file:/C:/Users/michel/Documents/ComputationalDolstrm001/TimeTableApp/src/timetableapp/util/Parser.java</file>
        </group>
    </open-files>
</project-private>
